

{
  "roomNumber": 4,
  "floor": {
    "x": 107.76070024437,
    "y": 165.03349398238,
    "width": 181.39282543193,
    "height": 182.44266475923
  },
  "R0": {
    "x": 19.618535610773,
    "y": 255.26510497774,
    "width": 128.05296573108,
    "height": 131.39402436246,
    "type": "bedroom",
    "children": [
      {
        "x": 98.260494733595,
        "y": 324.52287237586,
        "width": 49.411006608255,
        "height": 23.911006608255,
        "type": "bed",
        "orientation": "W",
        "children": [
          {
            "x": 134.22418871352,
            "y": 348.43387898411,
            "width": 13.447312628332,
            "height": 13.447312628332,
            "type": "bedside",
            "orientation": ""
          }
        ]
      },
      {
        "x": 19.618535610773,
        "y": 286.03030644718,
        "width": 19.877993623828,
        "height": 45.377993623828,
        "type": "bed",
        "orientation": "S",
        "children": [
          {
            "x": 19.618535610773,
            "y": 270.28139784656,
            "width": 15.748908600626,
            "height": 15.748908600626,
            "type": "bedside",
            "orientation": ""
          }
        ]
      },
      {
        "x": 134.45542077908,
        "y": 256.47253622391,
        "width": 13.216080562774,
        "height": 29.329969824283,
        "type": "wardrobe",
        "orientation": "S",
        "children": [
          
        ]
      }
    ],
    "door": {
      "x": 147.67150134185,
      "y": 288.07737176969,
      "width": 0,
      "height": 21.25
    }
  },
  "R1": {
    "x": 213.8801128495,
    "y": 307.56535764413,
    "width": 74.119458981186,
    "height": 68.604604170423,
    "type": "bathroom",
    "children": [
      {
        "x": 213.8801128495,
        "y": 338.08339599101,
        "width": 19.739849982491,
        "height": 29.609774973736,
        "type": "sink",
        "orientation": "E",
        "children": [
          
        ]
      }
    ],
    "door": {
      "x": 250.69132720879,
      "y": 307.56535764413,
      "width": 21.25,
      "height": 0
    }
  },
  "R2": {
    "x": 114.07821511201,
    "y": 111.64454599989,
    "width": 99.319262231492,
    "height": 93.299749079978,
    "type": "kitchen",
    "children": [
      {
        "x": 136.4989444177,
        "y": 135.35470062842,
        "width": 23.070452831077,
        "height": 24.447953171583,
        "type": "table",
        "orientation": "",
        "children": [
          {
            "x": 144.30905440667,
            "y": 159.8026538,
            "width": 7.4502328531369,
            "height": 7.4502328531369,
            "type": "chair",
            "orientation": "S"
          },
          {
            "x": 159.56939724878,
            "y": 143.85356078764,
            "width": 7.4502328531369,
            "height": 7.4502328531369,
            "type": "chair",
            "orientation": "E"
          },
          {
            "x": 144.30905440667,
            "y": 127.90446777528,
            "width": 7.4502328531369,
            "height": 7.4502328531369,
            "type": "chair",
            "orientation": "N"
          },
          {
            "x": 129.04871156457,
            "y": 143.85356078764,
            "width": 7.4502328531369,
            "height": 7.4502328531369,
            "type": "chair",
            "orientation": "W"
          }
        ]
      }
    ],
    "door": {
      "x": 156.16287882217,
      "y": 204.94429507987,
      "width": 21.25,
      "height": 0
    }
  },
  "R3": {
    "x": 249.24272457882,
    "y": 79.559754219926,
    "width": 150.24504391171,
    "height": 138.40189493119,
    "type": "hall",
    "children": [
      {
        "x": 383.2690704462,
        "y": 104.36012766274,
        "width": 16.218698044337,
        "height": 30.043986004042,
        "type": "cupboard",
        "orientation": "S",
        "children": [
          
        ]
      },
      {
        "x": 249.24272457882,
        "y": 105.64923245486,
        "width": 14.543653257499,
        "height": 80.742107319716,
        "type": "cupboard",
        "orientation": "S",
        "children": [
          
        ]
      },
      {
        "x": 288.62701345722,
        "y": 185.25114359143,
        "width": 58.389811154885,
        "height": 25.395432696,
        "type": "sofa",
        "orientation": "N",
        "children": [
          
        ]
      },
      {
        "x": 356.61798038236,
        "y": 163.2312017305,
        "width": 24.267315568653,
        "height": 53.485321739544,
        "type": "sofa",
        "orientation": "W",
        "children": [
          
        ]
      }
    ],
    "door": {
      "x": 249.24272457882,
      "y": 196.29917283947,
      "width": 0,
      "height": 21.25
    }
  }
}

