

{
  "roomNumber": 4,
  "floor": {
    "x": 126.5758779533,
    "y": 107.33753565658,
    "width": 128.95247896632,
    "height": 202.58623056188
  },
  "R0": {
    "x": 40.476169648513,
    "y": 129.05757348955,
    "width": 123.6841035255,
    "height": 102.65096833005,
    "type": "bedroom",
    "children": [
      {
        "x": 147.37180669775,
        "y": 169.84080145602,
        "width": 16.788466476262,
        "height": 54.58604750125,
        "type": "wardrobe",
        "orientation": "S",
        "children": [
          
        ]
      },
      {
        "x": 67.381013235171,
        "y": 129.05757348955,
        "width": 63.373795893387,
        "height": 14.605446006648,
        "type": "wardrobe",
        "orientation": "E",
        "children": [
          
        ]
      }
    ],
    "door": {
      "x": 164.16027317402,
      "y": 133.56504560073,
      "width": 0,
      "height": 21.25
    }
  },
  "R1": {
    "x": 217.9439616989,
    "y": 48.106342031357,
    "width": 85.816965709625,
    "height": 96.815588845939,
    "type": "bathroom",
    "children": [
      {
        "x": 217.9439616989,
        "y": 97.818583211468,
        "width": 15.639950757005,
        "height": 9.6899507570047,
        "type": "toilet",
        "orientation": "E",
        "children": [
          
        ]
      },
      {
        "x": 266.95194767338,
        "y": 111.87632570736,
        "width": 33.045605169934,
        "height": 33.045605169934,
        "type": "shower",
        "orientation": "S",
        "children": [
          
        ]
      }
    ],
    "door": {
      "x": 229.50347605318,
      "y": 144.9219308773,
      "width": 21.25,
      "height": 0
    }
  },
  "R2": {
    "x": 72.434815891678,
    "y": 272.33937099773,
    "width": 95.796078443155,
    "height": 95.6284244504,
    "type": "kitchen",
    "children": [
      {
        "x": 153.53858302581,
        "y": 306.80536797734,
        "width": 14.692311309027,
        "height": 61.162427470791,
        "type": "desk",
        "orientation": "S",
        "children": [
          
        ]
      },
      {
        "x": 99.522099375947,
        "y": 310.46421175611,
        "width": 26.23815796633,
        "height": 25.9220182877,
        "type": "table",
        "orientation": "",
        "children": [
          {
            "x": 109.18216324703,
            "y": 336.38623004381,
            "width": 6.918030224166,
            "height": 6.918030224166,
            "type": "chair",
            "orientation": "S"
          },
          {
            "x": 125.76025734228,
            "y": 319.96620578788,
            "width": 6.918030224166,
            "height": 6.918030224166,
            "type": "chair",
            "orientation": "E"
          },
          {
            "x": 109.18216324703,
            "y": 303.54618153195,
            "width": 6.918030224166,
            "height": 6.918030224166,
            "type": "chair",
            "orientation": "N"
          },
          {
            "x": 92.604069151782,
            "y": 319.96620578788,
            "width": 6.918030224166,
            "height": 6.918030224166,
            "type": "chair",
            "orientation": "W"
          }
        ]
      }
    ],
    "door": {
      "x": 131.51820682294,
      "y": 272.33937099773,
      "width": 21.25,
      "height": 0
    }
  },
  "R3": {
    "x": 190.59189387014,
    "y": 211.51696211826,
    "width": 129.57820268258,
    "height": 135.67281395971,
    "type": "hall",
    "children": [
      {
        "x": 205.84033084676,
        "y": 211.51696211826,
        "width": 63.080494319282,
        "height": 15.535164951971,
        "type": "cupboard",
        "orientation": "E",
        "children": [
          
        ]
      },
      {
        "x": 273.64330951814,
        "y": 211.51696211826,
        "width": 44.059550139675,
        "height": 12.854934195548,
        "type": "cupboard",
        "orientation": "E",
        "children": [
          
        ]
      },
      {
        "x": 222.41942814526,
        "y": 306.24122306809,
        "width": 66.473399605389,
        "height": 22.653934880271,
        "type": "sofa",
        "orientation": "N",
        "children": [
          
        ]
      },
      {
        "x": 234.19121955972,
        "y": 246.60416042346,
        "width": 28.305279717229,
        "height": 34.622526697277,
        "type": "hallTable",
        "orientation": "",
        "children": [
          {
            "x": 244.52268384074,
            "y": 281.22668712074,
            "width": 7.6423511551908,
            "height": 7.6423511551908,
            "type": "chair",
            "orientation": "S"
          },
          {
            "x": 262.49649927695,
            "y": 260.09424819451,
            "width": 7.6423511551908,
            "height": 7.6423511551908,
            "type": "chair",
            "orientation": "E"
          },
          {
            "x": 244.52268384074,
            "y": 238.96180926827,
            "width": 7.6423511551908,
            "height": 7.6423511551908,
            "type": "chair",
            "orientation": "N"
          },
          {
            "x": 226.54886840453,
            "y": 260.09424819451,
            "width": 7.6423511551908,
            "height": 7.6423511551908,
            "type": "chair",
            "orientation": "W"
          }
        ]
      }
    ],
    "door": {
      "x": 190.59189387014,
      "y": 221.61255163413,
      "width": 0,
      "height": 21.25
    }
  }
}

